4.246289262283897e-05,8.501518145439833e-05,7.01971004554918e-05,0.0002013320859204399,0.00010437119910459512,0.00011545222639407611,2.02922302401247e-05,3.2576773816154126e-05,8.996059644026228e-05,9.172737892382926e-06,0.00042368861523088845,0.00021538271232420493,0.00029345513027177544,3.454095667125793e-05,3.4242613032456675e-05,0.0005910214196390593,0.0011454130554742522,0.0003934406913693384,4.0606546645257716e-05,2.8417153984946727e-05,0.00012078126843961741,4.2136780848467446e-05,3.8883821924400794e-05,0.0001762106166830616,0.0026345659336756426,1.4871344826001924e-05,0.0023556442453552167,0.0029061055834921964,7.623364313891418e-05,0.004475975533841976,0.0027913711228260483,0.0008866231896380709,0.008783511051485022,0.0013885605556652782,7.801664413512651e-05,0.002647607595433032,0.0021011120088065393,0.0031813368478103054,0.0007945402020460345,2.4060181587772613e-05,0.00018386071000893955,0.0013809976929889103,0.00038024402180800897,9.621547342258171e-05,0.00011913739872026608,0.005461349877397931,0.00016843556008221228,0.00040782360332816,0.0003156700285729976,2.501105860659746e-05,0.008974601309999854,2.5353042771804672e-05,0.002571056141471629,0.0006472997094526712,3.476901084119028e-05,8.98346255439549e-05,0.0024995989807097304,0.001284503874976788,0.0026697525245653075,0.0026068793223342802,0.00025107784609188687,0.0007484310557011281,0.0017185307271217099,0.0011341690234967573,0.00011042723788759599,0.00013902220249144599,0.0015636467572147231,2.6469892853436676e-05,4.1938981321041954e-05,0.00014227771111853106,5.783470574428737e-05,7.59392336996429e-05,6.977250952212247e-05,0.0003713295840437693,0.00025123806589635606,0.0003576384460693106,0.00026716607466416385,9.91454239414736e-05,1.4124247099014897e-05,0.00013179354322403705,0.0005310609505797675,2.1171086623308184e-05,0.00018758673764617573,1.3772738685572011e-05,8.342416980661962e-05,9.44314697692798e-05,0.00010018308246024072,3.702217533322645e-05,0.00026147927459073763,0.0005482693281902695,8.527023070579048e-05,8.409858286463228e-05,6.879784023520898e-05,5.095564644037007e-05,4.646512076032492e-05,3.934282990684362e-05,0.00047459807465691207,2.5141838059084615e-05,4.252896930782704e-05,0.00015624711493815216,5.89388577457288e-05,0.00025885324983778964,0.00023358467068403503,5.647408575850583e-05,2.2659061085704428e-05,0.00030469724762674576,0.00013156085566140517,2.183111475715791e-05,0.00011925858508398287,0.00016626540246173117,4.547814045774927e-05,9.702087323530905e-06,4.7052997830325544e-05,0.00016179727822910372,0.00016482094743347237,6.806718841778434e-05,0.0001811491636681655,0.00010555403374730534,2.3072224933206303e-05,5.0502603140156605e-05,5.9877877910905095e-05,6.794244999930932e-05,0.00019579744845371846,3.4732684211563456e-05,0.00011799416377633468,1.233996821144528e-05,0.00018270398647661376,4.194587920101505e-06,0.00020375748921756714,4.624508544031802e-05,3.128671866884546e-05,2.4105969800125873e-05,3.306965921158041e-05,0.00018715059328950853,0.00014238259636743195,0.0002094828876411047,0.00023667579571654855,0.00023745048571654869,1.4531274034357618e-05,0.00015921537340604205,1.5259757997756902e-05,3.0467840775504507e-05,1.795794278532796e-05,5.425578395789884e-05
0.0001513059558985337,0.00015264594714462236,8.741841460124801e-05,0.00020457107666722074,0.0002116770112499452,0.00020136010356245056,2.420660882037004e-05,5.3467220356504583e-05,0.0001231686100394291,1.7304047737604077e-05,0.0005512705291652718,0.00016089730066480196,0.00025965429934340006,2.11506774992611e-05,6.555971273963442e-05,0.0006234301430710783,0.001252126996136491,0.00037358549271639764,3.792430695831501e-05,2.962448248855155e-05,0.00013798110372817163,3.74544561583766e-05,3.4707896543014014e-05,0.0002011437455045905,0.0025156907786961094,1.6473007378076014e-05,0.002597867785640418,0.0027872723750229766,6.882595306813547e-05,0.001340645142958013,0.0016600496039356934,0.0011630178527300475,0.0047696867034690065,0.0011482803213150568,5.490779491079843e-05,0.002160361758823201,0.0021914524984789274,0.004329571580154842,0.0009414438348130666,3.90663926607536e-05,0.00022045276781064934,0.0010666173324841376,0.0009693724278904234,0.0001591837101685233,0.00010717419332716917,0.007797389767293904,0.00019901441141342583,0.00047629750540201504,0.0005540026554757593,6.1387544662692e-05,0.0031662702868028103,5.096436917187642e-05,0.0029866133958110002,0.0008634764349144845,7.180542229537523e-05,0.0001307217081349965,0.002715314336611221,0.0018779410005850229,0.003369986119780503,0.002871419877695175,0.0002661735726679854,0.0007200398000353697,0.0019561191190523752,0.0012550968725011272,0.00011251297310272768,0.00016598421122607842,0.0013640103119350853,3.272331387626075e-05,6.086478999472962e-05,0.0001589470746482616,6.0809871668310164e-05,0.00012153933355576247,7.626437585921565e-05,0.00029439771630064776,0.0002726380595048803,0.0007680487334596301,0.0002569767421170779,0.00010472833012947195,1.539334214011881e-05,0.00012900498899841246,0.0006058010928623372,9.887266952216021e-06,0.00018074024466807937,2.1999986971130028e-05,7.994631941531254e-05,0.00012026887566145527,9.561722479918568e-05,1.9615056597813256e-05,0.000262778386149173,0.0006922874070934007,8.348102773021086e-05,8.818121786260311e-05,6.525389184661561e-05,2.3905672780449297e-05,5.457122549908951e-05,3.6315773931503486e-05,0.0006373260297831056,2.7944097110880862e-05,3.6822509367305903e-05,0.00016204186895430418,5.364242381266097e-05,0.0002575295687389201,0.00016974087590013276,5.042513939882286e-05,2.8751667526705843e-05,0.00039663337710759176,0.00011670811959525394,3.835409722453391e-05,0.00012025317350800633,0.00017759346830379148,7.88375624603504e-05,1.1698813423935353e-05,5.202614025788314e-05,8.582600010492825e-05,0.0001829426556022683,9.039873250812912e-05,0.0001735919276296503,0.0001001412095902209,3.3611674569519927e-05,4.591567190555209e-05,6.0331259653705616e-05,4.486579008850094e-05,0.0001560450068107006,3.686744264934402e-05,9.720162644611874e-05,8.059880616981839e-06,0.00012330663139263785,6.162625421148095e-06,0.0002255198850349027,5.868715237849917e-05,3.3757114074164464e-05,3.617985221446977e-05,2.8551790988199112e-05,0.00020257068324701212,0.000135409668796153,0.00023457421204969826,0.0002457435934463212,0.00022843006236896539,2.0048530674078345e-05,0.00015690605140573308,2.446199290494261e-05,2.6706482524303044e-05,1.9179050786377518e-05,5.330646751200959e-05
3.747311329341199e-05,0.00013408226490554975,8.31966636379532e-05,0.00019968044736335067,0.00021129548926008643,0.00023042466501965812,2.037602717731338e-05,7.19345632147696e-05,9.631191398953272e-05,1.6941488153652367e-05,0.000602444711387092,9.885744354839256e-05,0.0001649537794081275,5.128834954614227e-05,6.769542477706062e-05,0.000651252722281008,0.0011232153635921285,0.0010562700418410165,3.507032190530491e-05,2.912630037056679e-05,0.00015627401092353215,4.152031088871579e-05,3.462222681775809e-05,0.00027189184079751843,0.0032009098755035013,1.6317133475425438e-05,0.0029504686310067793,0.002640971224058697,7.36389783670951e-05,0.0011317081119654369,0.001915258627321892,0.0010496272210781137,0.005694493294172708,0.0007575363359768468,9.485639579624878e-05,0.003576856442489277,0.0029677869696441792,0.003937496377490688,0.0009604591205082307,4.0196483569872065e-05,0.0002150839532087046,0.0009140265044585342,0.0008210495254558246,0.00017602057741450094,0.0001129807092771415,0.006399563586586767,0.00023654665717233602,0.0004253731413761702,0.0006064340439700424,0.00013616763652334383,0.0027018960961023553,2.720736307113635e-05,0.0039052722326658232,0.0006360025187327988,6.771867386476265e-05,0.00021952314272312564,0.0030623067780072098,0.0023296721049726075,0.00325333929734407,0.002786180395423454,0.0002679680785930153,0.0006509116408316616,0.0019757747465503667,0.0012512852238814797,9.142482918868191e-05,0.00014968137086334574,0.0017969660059710803,3.586243238270132e-05,5.452392863275081e-05,0.00016439418729472075,6.137773976867077e-05,8.988094766176422e-05,7.270898852257611e-05,0.0002962370682270759,0.0002749991993811973,0.0012015019902942789,0.00023950853880571222,0.00011767449263915894,1.6570284378243158e-05,0.00014281667803216824,0.0005457585087307997,1.2733016042150796e-05,0.00017759480836934436,1.968109390432939e-05,7.22389643487081e-05,9.939429063250896e-05,9.885663519796981e-05,2.4352831812967837e-05,0.00026564617236953837,0.0006983738982858913,7.859937196400103e-05,0.0001000738584194289,7.957169478981202e-05,2.8406647846132696e-05,5.529274970232082e-05,2.361101884091818e-05,0.0006695781540092115,2.1631480799245693e-05,3.929213804444659e-05,0.00016349487433494592,4.7022819947956644e-05,0.00030295221778810845,0.00018972281572555356,5.139121621346595e-05,2.8385730540236598e-05,0.0003719599224812374,0.00012366642615012038,2.4188401560778122e-05,0.00011676513698415446,0.000162667273188756,7.965797826312746e-05,1.1093931268106948e-05,5.1095507183373354e-05,0.00011901861484698784,0.00019123480617079178,0.0001111889584676666,0.0001517848957432419,0.00010896260196231926,2.6112822376377327e-05,4.90548095117595e-05,6.0314494934325856e-05,5.924963920360019e-05,0.0002292064710712346,3.2506575804791126e-05,9.673189960986881e-05,2.2587881014441826e-05,0.00016045661519113313,5.869725593290995e-06,0.00019393127152851988,6.196404359061303e-05,2.0187508953181278e-05,3.779060572944626e-05,3.279967507764105e-05,0.00019984164075852266,0.0001331405617436226,0.00024642327613719347,0.00024664404823910896,0.00023550644344584235,1.7584750151609666e-05,0.00016073747308290555,2.1496707175532226e-05,2.831777034953178e-05,1.4931088748880698e-05,5.654321667626436e-05
4.304010563362917e-05,9.691682526523174e-05,0.00010211341142982495,0.0003103988792765224,0.00023690455643498383,0.0002682608998375421,2.4081839447386533e-05,5.917874773348387e-05,0.00017720013513117827,1.6999879508509354e-05,0.0007114196470180311,0.0001465050583659882,0.000251439727927557,3.8122229759596086e-05,7.584682447000277e-05,0.0008370502286112031,0.0007729506884523992,0.0009362920271893862,3.606896666380803e-05,4.535697313070144e-05,0.00013495846707169934,3.7640600444486665e-05,3.9004972343727725e-05,0.0002326454794561209,0.002903225420076288,1.7855527586745173e-05,0.0022519985150597456,0.003017011514076017,7.867765229909715e-05,0.0010425421905548957,0.0020527051017745954,0.0006868389459684623,0.004347898441063662,0.0009918375098750094,8.470361204252771e-05,0.003028152807600581,0.0029474950587290174,0.0042463139564499165,0.0007985536858179821,4.006782274809595e-05,0.0002186912758213309,0.0009160669165825521,0.0009843053504303382,0.00016845023017148772,0.00011052081440863743,0.0073860864630630714,0.000242819078154989,0.0005057020038494087,0.0003881162166752202,8.552965242701268e-05,0.003538396158762493,4.326887706175804e-05,0.0032283919161308025,0.00047988057363892924,7.829107759245823e-05,0.0001871115690570666,0.0032830420824607924,0.002355920855915275,0.003428176332395646,0.003102777236467068,0.00026051458087786604,0.0006872620273077087,0.0020084351931379195,0.001332890245475545,8.506444636048365e-05,0.0001838699238266616,0.001515354698020493,6.61714113525375e-05,5.532680028764934e-05,0.00015636878809454778,5.696305549218795e-05,8.90995241679198e-05,8.928907055533458e-05,0.0003302673965464116,0.00028229888501797075,0.0003752190876910242,0.0002536281432011533,0.00010982457426454115,1.7196070855729835e-05,0.00017283949032746918,0.0005326984224341331,1.732835925714093e-05,0.0001690449786994242,1.5259365042567427e-05,7.04401529281559e-05,0.00011868074790740559,9.219820365230428e-05,2.269123610271948e-05,0.0002673121663717422,0.0007379376016587178,8.093872991638289e-05,0.0001032757481047619,7.297525518337358e-05,3.0725149503942146e-05,5.9181978026751025e-05,3.1034092524268223e-05,0.0006905404644620424,3.208462932258095e-05,3.022400603130571e-05,0.00016178653475678808,5.052596010100616e-05,0.00030007995689789737,0.00014772486388394253,6.358342601243136e-05,1.9200240785576427e-05,0.00042014549676834203,0.0001159162099522033,2.7499021497865424e-05,0.00013357195635542717,0.0001661699932453047,7.568956480920582e-05,9.024855764616783e-06,5.3931399730355806e-05,0.0001152553955895584,0.0001995107647249189,9.093724991522073e-05,0.0001827263954977224,0.00011868952600137408,3.04833671528958e-05,4.671098477011089e-05,5.816601862349675e-05,6.838799310559674e-05,0.0001910974807738008,3.217692608504955e-05,0.00010544466018747184,1.3130640928623301e-05,0.00017819869753790067,5.9042009633106565e-06,0.00023912799644265116,6.59316969080611e-05,3.8050008741728515e-05,3.649805940358611e-05,2.788452732396008e-05,0.00018274079694184975,0.00012544651984279916,0.00021542392040240827,0.00025440427890305117,0.00022886989883882987,1.9084034088115074e-05,0.00016140497418159515,2.9422159463218055e-05,2.9232318858441218e-05,2.2968852946866017e-05,5.404653749206838e-05
7.131994360567039e-05,0.00011916905172041705,9.036304199054119e-05,0.00024161997114027382,0.0001756738491174022,0.000167807517412553,2.078469707341192e-05,5.155742593106757e-05,0.00014646942031171792,2.0723519082155912e-05,0.0005390263471400776,0.00016371330172813657,0.00019091218030911768,8.09331185725071e-05,6.587430051502152e-05,0.0006836600621245043,0.001220119621248832,0.0017453146903270854,4.159945921901265e-05,3.172443318153739e-05,0.0001627354540035451,3.993444074267764e-05,3.914175061983006e-05,0.00026736296629685074,0.0026535195054683937,1.430682786151669e-05,0.00222832219877508,0.0033650261013115136,8.309194389982013e-05,0.0010388078021296172,0.0017228529041520525,0.0008739316822484155,0.005142558425411041,0.0014621540914516685,0.00011415587997157976,0.002240041966864414,0.0022596552874617633,0.00439893639844205,0.0007292793047912465,3.536026743922551e-05,0.00022288480809265035,0.0012272054338874972,0.0009330839196031051,0.00012705659949262369,0.00011721657637287766,0.0057863764166967745,0.00021403112685347434,0.000613707116300798,0.000538041463567246,6.0676053469160875e-05,0.003156613349531707,4.444425582715671e-05,0.003769282401318512,0.0005159713381438874,7.112008389021446e-05,0.00018469457300278972,0.0030288867960270587,0.0027511229651378576,0.003405696554149552,0.003091797488501042,0.00027970530434283294,0.0006708004071625707,0.002154649054656352,0.0013479295904374744,8.611399752918551e-05,0.00018938919718802398,0.0019324174532394508,4.87359324084345e-05,6.548681394255584e-05,0.0001642337671496996,5.847929589012634e-05,0.00011445135438142916,8.9267876265159e-05,0.0002843615590254843,0.00027958134076598123,0.00044362831291797685,0.00024381270684395057,0.000123535293897776,1.652237496599122e-05,0.00017658078313080653,0.0005166186816901277,6.063768101237689e-06,0.0001790377695576614,1.6895455642202896e-05,7.423585592807962e-05,9.794970659373065e-05,9.795311168754878e-05,2.9038546255158554e-05,0.000265113196803878,0.0005935602258023798,7.89481925493385e-05,0.00011116174261352201,8.051113385078387e-05,5.328199595031193e-05,5.952202068757215e-05,2.0774966323960518e-05,0.0005356846555759606,2.5038449051023135e-05,3.3060271203166544e-05,0.00016034167922537266,4.792197369865402e-05,0.00025453821392400596,0.00017574275541091863,5.441434034535247e-05,2.436129893567973e-05,0.0003873292355764901,0.00011561290971109532,3.369413617585618e-05,0.0001140403923654016,0.0001694762895156379,8.645626807524581e-05,8.700206940619988e-06,6.066561657511719e-05,0.0001410966079954526,0.00018564854700715846,8.967147285515376e-05,0.00016553490559316215,0.00010613961846771543,2.932459180520391e-05,4.793317725317461e-05,6.337551422527851e-05,4.6169017352260665e-05,0.0002779299615899219,3.1654421621817e-05,9.618485617696183e-05,1.1228947912603864e-05,0.00018744468282741618,6.181909596166195e-06,0.00023733544889040974,6.161751833715829e-05,2.9950497572163166e-05,3.5314378067349855e-05,3.930913466237198e-05,0.00019632337341723833,0.00012023642750715063,0.00022522393134288054,0.0002537998769320803,0.00023649832901417595,1.6858279095572283e-05,0.0001589791195858606,1.8185071168528057e-05,2.8063323378156012e-05,1.5388244354672563e-05,5.500486029272573e-05
0.00010664175947363404,0.0001287097833925331,0.0001004629897953922,0.0003363362370332759,0.00019220245161131485,0.0002039374200069771,2.1835443774435517e-05,6.168037823181146e-05,0.00018351687891061312,1.8281727585152e-05,0.0005002770216594475,0.00016961979662027523,0.00022310944189022697,9.58633350430786e-05,6.6044354813587e-05,0.0007045916940143379,0.0016355325764180972,0.0010155603536658618,3.758033384828386e-05,4.205263964774484e-05,0.0001447011663445027,4.269273081886238e-05,3.054578326553562e-05,0.0002454961525597789,0.0033677199472901165,1.4099849332463836e-05,0.003041206972340417,0.002514666643728563,9.279807055183113e-05,0.0010060928169358051,0.0024217417302384294,0.0007281238474123789,0.0051864932755146895,0.0006140888696663263,7.53232111031552e-05,0.0023125925217478134,0.0025686086201287465,0.004564835326748335,0.0010072980874546876,4.1438987633689084e-05,0.0002287331725579181,0.0007536610019307843,0.0009438419740703103,0.0001457827804429946,0.00010681010768390959,0.005814701082145245,0.00021595302204649187,0.0010060029328197717,0.0004867112514306761,3.389885500054528e-05,0.003482931622085027,1.996686619774236e-05,0.003860463165901597,0.0005716438101649446,8.149705585455263e-05,0.0001782324834285326,0.0030651016077607074,0.0032294422873863997,0.003412923692504725,0.002786869905008249,0.00026213239848073657,0.0006418506077692042,0.002014453219598557,0.0012391039367805104,9.858998608966496e-05,0.00017051458114574085,0.0013640896591306782,4.783517365009927e-05,3.9623629929052154e-05,0.00014743198412097054,5.7456214018268894e-05,0.00011455062811977393,8.170667425378793e-05,0.00029815884522795536,0.0002857961202917777,0.00025379884965967287,0.0002536869443435459,9.004094597976356e-05,1.4895205547682408e-05,0.00012794697194237084,0.0005197064907763827,9.845232015601333e-06,0.0001765043418208096,2.1197562072478618e-05,7.296193645757425e-05,0.00010733633174568521,0.00010194793563789667,3.5064181056747206e-05,0.000267207719765852,0.0007336707286360876,7.95321153745106e-05,0.00012380692629292448,8.421058422375383e-05,4.029385017021637e-05,5.42265683428975e-05,2.858815970608434e-05,0.0005535942730278103,2.5967943291045044e-05,2.4458737765678348e-05,0.0001628171524516027,4.512042541240723e-05,0.0002737617907717036,0.00013801754465638666,8.35357854397072e-05,2.6416920133076688e-05,0.0005111451755313815,0.00012269535536036627,2.3426273926575574e-05,0.0001230629189791607,0.00016465138238948797,7.83222487353487e-05,1.0753305545019106e-05,5.432125295596882e-05,0.0001686306747510775,0.00020402776556497075,7.304638285771014e-05,0.000157107125464917,0.00010103099426641521,3.8327431567571767e-05,4.762880814046645e-05,6.0161937602723904e-05,6.045773955751666e-05,0.0002062140142418301,3.1908105148341565e-05,0.00010372040233878072,1.0433027883931766e-05,0.00019572346443713434,6.217485553221561e-06,0.0002810467349146727,6.727106693667089e-05,3.2261652810007624e-05,3.75945903891439e-05,2.8038473147778964e-05,0.00020271122269708896,0.00014019986159917789,0.0002360853336317113,0.00023652701178211014,0.0002391890256135822,1.5784695713850875e-05,0.00015752698063760585,1.5713379767288692e-05,2.629712686272881e-05,1.7625304834022114e-05,5.669720103081511e-05
0.00010278165822566414,0.0001714832804173615,8.119013923872244e-05,0.0002170806780777837,0.00020277875107027165,0.00018745243611897734,2.1946184937613874e-05,5.150374736588685e-05,0.00015016934903367693,1.6606312219261587e-05,0.0005850865274891783,0.0002762778443182766,0.0002653094056524254,6.413262181242278e-05,6.879417873493987e-05,0.00047262587336551674,0.0014489799109230804,0.000991100051730123,3.861650321353557e-05,3.501469839726362e-05,0.000193989630623194,4.0523086192043674e-05,3.682371342476663e-05,0.00020689971331900892,0.0025116192391830758,1.642411697590863e-05,0.00228451759099968,0.002481884713482114,9.095541269959942e-05,0.0011792931553423127,0.0023920312123995244,0.0008757540849239439,0.005805855127042123,0.0015677917158971205,9.969419038554642e-05,0.0021045099281544123,0.002647169264631863,0.00433167007006773,0.0007458008536056651,4.3839653260223935e-05,0.00019236626103030219,0.0008682189169322099,0.0009356893213651432,0.0001641685439015029,0.00010320779441256804,0.005904284769677835,0.00019867660308400977,0.0006094172948552355,0.0004386034024569051,4.4141991268997526e-05,0.002956345142185061,3.2868910160121584e-05,0.00431416157475191,0.0006029872091980775,8.00134199174883e-05,0.00013392487647145883,0.0029235627266598853,0.0023139778496909123,0.0033138431790258396,0.003589977594966877,0.00026960750957310636,0.000616143694454353,0.0020126702877179877,0.0012114091530932055,0.0001002157966174504,0.00019332933490437643,0.002483923210184475,3.208110526777169e-05,4.229762563744374e-05,0.00014511581553141185,6.201866839129353e-05,9.115058636080475e-05,5.3658045745010244e-05,0.0002993717256926495,0.00027765486805479385,0.0001621778956591001,0.00022252592793050343,0.00020666405703652872,1.773430186834523e-05,0.00012799792581555297,0.0005192086577812705,2.2659810971432844e-05,0.0001764477635866753,2.221036366729348e-05,6.986804865212058e-05,0.00011716614217631853,0.00010085597769836206,2.6701441706396368e-05,0.0002682709395548218,0.0005844061299759367,8.423537717860447e-05,8.463904287103948e-05,9.694567035302538e-05,4.005216359495178e-05,5.4860563837683194e-05,2.6536945247688165e-05,0.0005835303028605873,4.236935360679705e-05,3.827385566842686e-05,0.00016113660689317396,5.8714631031004374e-05,0.00038186300240905096,0.00014769392039086585,5.556057486856888e-05,3.150189687196505e-05,0.00041480427081635486,0.00012633813927738307,2.4965324738601473e-05,0.00013424428386256838,0.0001623009123296584,7.290362057987025e-05,8.707725793596925e-06,5.2138291959757465e-05,0.00011738878043847709,0.000190155885363474,6.457045167681585e-05,0.00016062839786327605,9.872102257190694e-05,2.7282067434469884e-05,5.0063169810921e-05,6.700946936050326e-05,7.379268351629626e-05,0.00022220341514120313,3.262750896896962e-05,9.786547882857497e-05,1.3274893080079172e-05,0.00014756260960628237,6.359515997172628e-06,0.0002605363000917238,7.21263754142858e-05,1.7702009454271263e-05,3.6019602655605014e-05,2.9075681937745996e-05,0.00017843613883935678,0.00013429429669378193,0.00024061249098082457,0.00025966284641889344,0.00022555358107207734,1.9625412999754343e-05,0.00015964932560855383,1.2648531801447807e-05,2.5260963236648872e-05,1.7886369949831648e-05,5.6382209369362074e-05
3.188772724890795e-05,0.00013312792242560918,0.00011059693856635546,0.00038186353757562076,0.00015135567157481314,7.875824007368075e-05,2.1769152028649755e-05,7.305962709110465e-05,0.00017742360921927462,2.1003098186663636e-05,0.0005782139812727608,0.0002924089640054906,0.0003035622506023148,9.910782517868383e-05,6.213525269495222e-05,0.000690123323481773,0.0014245719778814912,0.0009258225688146847,4.282524196628349e-05,4.621636645612462e-05,0.00012300177059006802,3.656003644242208e-05,3.308814094714233e-05,0.00026507583859723606,0.0027401009496642956,1.4777174777942344e-05,0.0030417856314557063,0.002198655402192989,0.00015119933790902287,0.001095203823492234,0.0028727730675718556,0.0008005434432125078,0.00538290559926624,0.0018301110577014805,7.579192114264444e-05,0.0031798152852183636,0.0025473582729144666,0.004635251185989276,0.0009897393366629825,4.355770782290714e-05,0.0001959961074156119,0.0008724777838070368,0.001142490465147798,0.00013654644708010712,0.00011271358834387147,0.006912851983624334,0.00020652136172631403,0.0005444754811140612,0.00045553758437824696,3.0811490419050266e-05,0.0035890686406618655,4.080040275323373e-05,0.003384191027717805,0.0007750184580165663,6.83427431554813e-05,0.0002602635580644219,0.00347531694895925,0.003960985551692245,0.003315483464149703,0.0034342564440422957,0.00027163197060265027,0.000685035407108675,0.0020347970339167835,0.0011951582062112347,7.665524159944969e-05,0.00018304431881471423,0.001524349667542288,5.749259180016914e-05,5.309098401551992e-05,0.00015128973925658678,5.8103795067306496e-05,8.585904670510223e-05,9.78086700970876e-05,0.00028899760587979884,0.00028285302974901473,0.0005106896509231912,0.0002433895525892823,9.484684264644971e-05,1.576476969441489e-05,0.0001229491665214586,0.0005174214817410882,1.2668686804567562e-05,0.0001703396775964181,2.558286479621976e-05,7.1713458168394e-05,9.00331583954568e-05,9.742437330293003e-05,2.5698839565635265e-05,0.0002648227776286869,0.0006215224546526324,9.783428755265965e-05,9.765839170374316e-05,7.03784183523927e-05,2.1141616371010143e-05,6.017358495461228e-05,2.6418963987834642e-05,0.0005296153035424943,3.6268091805212465e-05,2.49544253311092e-05,0.00016322293866575773,4.969579355386437e-05,0.00031886827010440546,0.00020531506154806015,6.622914491307001e-05,1.8610308947654087e-05,0.00048754961730421473,0.00012310508289012663,4.100710552338139e-05,0.00011781887453308038,0.0001728583640013214,7.49792687557785e-05,9.184732301514467e-06,5.08696106395512e-05,0.00012132152957336392,0.00019736646929127677,0.00012065476367662838,0.00016322205143058018,0.00011825520720756385,2.514037246769348e-05,4.479873135986425e-05,6.495948087746633e-05,7.15542677330799e-05,0.00018730412057741083,3.52043616496036e-05,8.620147496385115e-05,1.532203687755739e-05,0.0001440339776985173,6.342926180309435e-06,0.00022784116733153852,5.889132818091564e-05,3.148197808714412e-05,3.8255375346054814e-05,3.7131968987713236e-05,0.0002145170560964085,0.00012602430166586853,0.00022285869361992125,0.0002544009888500333,0.0002369456569277708,1.880367820666039e-05,0.00016122176181764471,2.1076462469183825e-05,2.8206010674429284e-05,1.5192258665970123e-05,5.579188682521395e-05
2.3385965101781438e-05,0.00013029238756659777,0.00010089081789245364,0.0003146653662123751,0.00023525594390755623,7.663265021339342e-05,2.189639861255452e-05,5.250145997179594e-05,0.00015874980594107098,1.6742715782850973e-05,0.00048070360435470037,0.0001721885604482923,0.0002848359417939965,7.850302232072242e-05,5.734584995060244e-05,0.0005856201000339472,0.0014002075677673784,0.0012182618389182116,3.200969293313305e-05,4.539505964537553e-05,0.00011016625278951702,4.484473458026924e-05,3.798410034054612e-05,0.00022367488691407627,0.002431948447220326,1.3612791840171082e-05,0.003979732728947159,0.002569380455228337,3.81905501953439e-05,0.0013093960762756295,0.0014708635636930568,0.0007609947641212686,0.004654711529630253,0.0005121657615272051,5.859721117379406e-05,0.0020216408468253953,0.0027640868987212613,0.004497569545063742,0.0010455476947623154,5.027309773051126e-05,0.00018932880591459862,0.0008798357961855559,0.0009593553748064943,0.00013127974289857958,0.00011469033887953846,0.006610842469221936,0.00025616803406340046,0.0012528373931618533,0.0005888326775951255,7.452737928468105e-05,0.003159828393012546,3.7780152952891185e-05,0.004297382917347629,0.0006738712273498164,7.971401903625309e-05,0.00017800471561529974,0.003175011469708927,0.0030863492003016598,0.0033604387653268174,0.0028715664896736873,0.0002536151034568068,0.00064180257571636,0.00200453450101311,0.0013023322756793585,8.92227615444284e-05,0.00019292840294991284,0.0014057564180043182,3.608212515301348e-05,5.108821372052709e-05,0.0001563032765964126,5.5615997638639995e-05,0.00010136323253143372,7.261240839533288e-05,0.0003065634735558407,0.00027829116714461153,0.000823704954412593,0.0002294151046357953,0.00013119053950042054,1.5125310761438033e-05,0.0001603635198522874,0.0004656014144328182,2.0002916431263882e-05,0.00018259504076893122,1.2146405064595234e-05,6.923273362139684e-05,9.850313269178488e-05,9.863668679525878e-05,2.7323489071024878e-05,0.0002673755231121331,0.0006100088116136514,7.793215956503391e-05,0.0001047091571722531,6.934565411222785e-05,3.879849148129397e-05,5.55387151513797e-05,2.176918776223316e-05,0.0004921793223587912,4.324267020354482e-05,3.275684698426221e-05,0.00016270687332339161,5.155686011539883e-05,0.00029400281512385635,0.0001975097504378119,5.181029741490864e-05,2.1476763710163044e-05,0.00040659898769413767,0.00011923864295383768,2.9313493716986194e-05,0.00011502835768683781,0.00015192661031916053,8.02954660192924e-05,1.089646264419656e-05,5.473683680421355e-05,7.232610542860138e-05,0.00020261806200509613,9.3840405340083e-05,0.00017796557594598294,0.0001470904871918898,2.7768476723995294e-05,4.350399314510542e-05,5.795553350025559e-05,6.374713960100694e-05,0.00016334632160423993,3.3635709645537394e-05,9.239687394086804e-05,8.24449696025631e-06,0.00016516500942210076,7.067421424746565e-06,0.0002630940072922239,6.99130435960661e-05,1.672830202394999e-05,4.299542274399746e-05,3.0499668473583657e-05,0.00019309389533845008,0.00012049539455321034,0.00025809476157130916,0.0002467607913164868,0.00023812364750263178,1.6082165177280968e-05,0.00015809223670779722,2.640610866640467e-05,2.898388243910733e-05,1.6714451763412272e-05,5.66693749783214e-05
5.1900754079930485e-05,0.00011822375705057588,9.666820055250841e-05,0.0002655736520360424,0.00022637125503524892,0.000218389533668259,2.2923845258577626e-05,4.994931851673399e-05,0.00015874979519475167,1.988956225089549e-05,0.000490049796807755,0.0002921794729841694,0.00021248468241296534,5.203511117235708e-05,6.690212527085012e-05,0.0006776609282085985,0.0007705223674722457,0.0015574969922955496,3.318512538645549e-05,3.2622242582216644e-05,0.00014503364005745588,4.4005784360481455e-05,3.565836385284948e-05,0.0002597084627997716,0.0026603901503706165,2.4101898336907295e-05,0.0027751444139641444,0.0024348883351108163,0.00012015643483958187,0.001123037659050454,0.0017454701246189621,0.000775084122456439,0.004760452547217472,0.001454556465513697,6.70092484746271e-05,0.0028102941971522816,0.0027640733442547217,0.004299867728517146,0.0007860879088144618,4.601633683157264e-05,0.00018774453662461318,0.0009698607524407666,0.0009292609982465709,0.0001725659482179829,0.00011739748771273909,0.008695120871719197,0.00025473355730760023,0.0006162145683675751,0.000757930449548512,7.347848501059826e-05,0.003484927537460985,3.2782185857143476e-05,0.0030940346271948545,0.0005709442910596643,6.34554718693891e-05,0.00015481638915942802,0.0031295450150870736,0.0017563822559126005,0.0033413814478628384,0.0027194116225530943,0.0002614429164881898,0.0006334325839873725,0.0020338833788468196,0.001286250546848808,0.00012461581552874535,0.00018962764124874247,0.0020087351065768097,4.262474656446912e-05,5.188881136615019e-05,0.0001597651267667806,5.8155838661918295e-05,0.00010333007283230216,8.934323809472387e-05,0.0003098340489076031,0.00027417735231574365,0.00025518837112744057,0.00025872463322550155,0.00010757145401657884,1.6739564514828153e-05,0.00015671451680730137,0.0004899019209680225,2.5629515702302098e-05,0.00019718630346566462,2.014192777761296e-05,7.384134966512619e-05,9.971345336372841e-05,0.00010031295127488998,2.7904116662002293e-05,0.00026296081476218227,0.000491390456516844,8.723875730738188e-05,8.45048761379002e-05,6.687959653490698e-05,3.105505180011486e-05,5.041152131575359e-05,4.172576716878395e-05,0.0005147623770500196,2.85386301368762e-05,3.962636938689381e-05,0.00016155978627670363,5.1849278307906016e-05,0.00025466451812056803,0.0001519124590580415,5.0472677558496865e-05,2.04755699260374e-05,0.0003929817885046286,0.000111988239740521,2.733343102645347e-05,0.00011613801654508708,0.00016932948184338078,7.401764157668939e-05,8.941688377592e-06,5.027508473555474e-05,0.00013119350828698657,0.000207029307762611,0.00013421121243439277,0.0001649254581858192,0.00010509097343104006,2.2997773062094323e-05,4.638906619405858e-05,6.0699010435641754e-05,7.194093526163008e-05,0.00022865537935088856,3.5794409624678344e-05,9.622867576429989e-05,1.5271691144601826e-05,0.00014745868090948605,6.5058788011496855e-06,0.00023965491338027534,6.225279218718448e-05,2.0863401783573537e-05,3.430380572044732e-05,2.662561205791855e-05,0.00018878404695307405,0.00012172620628163317,0.0002268944454840685,0.0002506844517474104,0.0002427580046187307,1.6096122316736756e-05,0.0001583880098628412,2.7598718377153007e-05,2.8722331704403267e-05,1.7838859750159663e-05,5.532639839020197e-05
0.00016142101328622723,0.0001540977228620034,9.952755415944107e-05,0.00031165390888466903,0.00018026008492564942,0.00039604928107446144,1.8836162834993187e-05,7.044711482235888e-05,0.00012056913353339153,2.021401086567313e-05,0.0004393064594008335,0.0001636633004635253,0.00031487665325367935,2.9806264463221923e-05,8.061461287788158e-05,0.0005925636463205794,0.0014878228012196824,0.0009009394450722026,3.583127360267601e-05,3.816641453272443e-05,0.00013942256507018706,4.813058210455802e-05,3.0493534261704268e-05,0.00024069938321334778,0.003116654566293188,1.505411615937752e-05,0.002582465458431146,0.0024554200369657298,6.63809744337867e-05,0.0011518254136253124,0.0025261004627848836,0.000787160921980618,0.003978800475073939,0.001240757112667401,0.00016174727429168575,0.002424957351449276,0.002589327397586597,0.004285483971808966,0.0010166404041343014,3.774620838083549e-05,0.0002514186664931512,0.0008411731702530473,0.001086150264495177,0.00012032935486090251,0.00010816693039790815,0.007181849695635818,0.00023664554145020326,0.0008214184215294982,0.0005961208240310526,6.638455552613859e-05,0.005009247645053128,3.038815340094848e-05,0.0030610368451489513,0.0007350898419586797,8.604077637619339e-05,0.00019329587896829215,0.0031509567658112485,0.0023685969059067543,0.003314184478215267,0.003109950693724478,0.0002722177288058621,0.0006414488496094092,0.0019372227482360473,0.001272799995617188,8.478190291752266e-05,0.00017716755243627418,0.001995799158673187,3.684283661894551e-05,5.240738510022181e-05,0.0001510640188295097,5.7458845983545374e-05,9.524409663970274e-05,6.177318077581381e-05,0.0003148233498850027,0.00027579400165940617,0.0005744481261111744,0.00022217623509600411,0.00011633394523728849,1.6376697167125137e-05,0.00015616742585637257,0.000563173014807918,9.002730844630709e-06,0.00017272989034077495,2.0279228229409974e-05,6.747499066644204e-05,0.00010285242420440126,0.00010297457097236053,2.8235510668773866e-05,0.000266156344523096,0.00048481871882550035,7.12099741839809e-05,0.00010501586215234886,7.921980502098047e-05,3.2206424283449075e-05,5.540931486992393e-05,5.7483090220375446e-05,0.0005759649290753274,2.199998056554276e-05,4.1343096102217025e-05,0.00015925772911421106,5.251684289292959e-05,0.00035805649313439924,0.00013749493489127626,5.682203708860762e-05,2.8521765768521493e-05,0.0004216091322081668,0.00013409518911615986,2.0658784243869577e-05,0.00013109862379230284,0.00015809348485215755,7.656138699420028e-05,1.0861781943558075e-05,5.070608792737689e-05,0.0001398570014529882,0.00021579755927885776,2.2683002370523218e-05,0.0001838115394758641,0.00010447453760795809,2.6452132285802982e-05,4.963382195894007e-05,6.113111955614497e-05,6.0944537964657153e-05,0.0002085149403738293,3.351844244609085e-05,8.482667091926785e-05,1.0103596086820687e-05,0.0001974056840600336,6.294206425778878e-06,0.00026556136269646047,6.079976785540397e-05,2.7784191947831202e-05,3.7766009277134966e-05,1.7583042462764317e-05,0.0001981170749477924,0.0001381895498273873,0.00022865253516061887,0.0002456214423874744,0.00023482199480963207,1.7843765659760754e-05,0.00016047118189488135,1.763891931549515e-05,2.7916180938330767e-05,1.802147089620728e-05,5.667498600865667e-05
